Asset ID,Timestamp,X,Y
A1,2025-05-22 09:00:00,120.15,151.54
A1,2025-05-22 09:05:00,120.15,151.54
A1,2025-05-22 09:10:00,117.92,151.71
A1,2025-05-22 09:15:00,121.77,149.79
A1,2025-05-22 09:20:00,126.41,150.53
A1,2025-05-22 09:25:00,126.41,150.53
A1,2025-05-22 09:30:00,129.03,150.51
A1,2025-05-22 09:35:00,126.67,150.03
A1,2025-05-22 09:40:00,124.28,150.78
A1,2025-05-22 09:45:00,123.27,154.66
A1,2025-05-22 09:50:00,127.8,155.35
A1,2025-05-22 09:55:00,127.18,155.91
A1,2025-05-22 10:00:00,128.89,157.99
A1,2025-05-22 10:05:00,130.75,158.77
A1,2025-05-22 10:10:00,132.79,153.73
A1,2025-05-22 10:15:00,247.58,266.86
A1,2025-05-22 10:20:00,134.74,154.5
A1,2025-05-22 10:25:00,288.03,273.15
A1,2025-05-22 10:30:00,134.13,154.58
A1,2025-05-22 10:35:00,136.57,155.02
A1,2025-05-22 10:40:00,117.92,151.71
A1,2025-05-22 10:45:00,119.61,150.99
A1,2025-05-22 10:50:00,117.53,150.68
A1,2025-05-22 10:55:00,120.09,151.11
A1,2025-05-22 11:00:00,118.72,148.9
A1,2025-05-22 11:05:00,115.05,143.66
A1,2025-05-22 11:10:00,114.95,137.91
A1,2025-05-22 11:15:00,115.78,134.94
A1,2025-05-22 11:20:00,110.64,137.87
A1,2025-05-22 11:25:00,110.11,138.32
A1,2025-05-22 11:30:00,112.71,136.95
A1,2025-05-22 11:35:00,107.87,135.16
A1,2025-05-22 11:40:00,105.87,136.76
A1,2025-05-22 11:45:00,108.6,136.67
A1,2025-05-22 11:50:00,223.99,221.07
A1,2025-05-22 11:55:00,103.91,133.02
A1,2025-05-22 12:00:00,103.91,133.02
A1,2025-05-22 12:05:00,120.09,151.11
A1,2025-05-22 12:10:00,119.45,155.16
A1,2025-05-22 12:15:00,120.45,157.09
A1,2025-05-22 12:20:00,121.34,158.49
A1,2025-05-22 12:25:00,110.64,137.87
A1,2025-05-22 12:30:00,112.5,136.54
A1,2025-05-22 12:35:00,111.53,137.26
A1,2025-05-22 12:40:00,109.53,139.98
A1,2025-05-22 12:45:00,109.76,145.96
A1,2025-05-22 12:50:00,110.13,146.7
A1,2025-05-22 12:55:00,112.24,147.74
A1,2025-05-22 13:00:00,114.4,149.21
A1,2025-05-22 13:05:00,111.64,151.22
A1,2025-05-22 13:10:00,108.41,151.16
A1,2025-05-22 13:15:00,110.26,153.92
A1,2025-05-22 13:20:00,110.26,153.92
A1,2025-05-22 13:25:00,120.15,151.54
A1,2025-05-22 13:30:00,118.04,153.14
A1,2025-05-22 13:35:00,126.41,150.53
A1,2025-05-22 13:40:00,292.66,270.73
A1,2025-05-22 13:45:00,122.92,151.83
A1,2025-05-22 13:50:00,114.4,149.21
A1,2025-05-22 13:55:00,119.89,150.42
A1,2025-05-22 14:00:00,119.89,150.42
A1,2025-05-22 14:05:00,117.43,149.21
A1,2025-05-22 14:10:00,117.86,149.14
A1,2025-05-22 14:15:00,293.95,274.94
A1,2025-05-22 14:20:00,121.4,147.5
A1,2025-05-22 14:25:00,130.75,158.77
A1,2025-05-22 14:30:00,130.85,157.65
A1,2025-05-22 14:35:00,131.31,156.19
A1,2025-05-22 14:40:00,131.66,157.91
A1,2025-05-22 14:45:00,131.53,160.99
A1,2025-05-22 14:50:00,134.4,161.04
A1,2025-05-22 14:55:00,133.73,164.66
A1,2025-05-22 15:00:00,131.26,164.86
A1,2025-05-22 15:05:00,130.3,163.55
A1,2025-05-22 15:10:00,126.55,162.73
A1,2025-05-22 15:15:00,128.31,163.2
A1,2025-05-22 15:20:00,126.64,163.71
A1,2025-05-22 15:25:00,123.26,162.53
A1,2025-05-22 15:30:00,123.26,162.53
A1,2025-05-22 15:35:00,122.98,162.51
A1,2025-05-22 15:40:00,124.38,159.23
A1,2025-05-22 15:45:00,122.16,160.11
A1,2025-05-22 15:50:00,121.95,157.87
A1,2025-05-22 15:55:00,124.39,156.73
A1,2025-05-22 16:00:00,124.15,156.2
A1,2025-05-22 16:05:00,124.6,158.35
A1,2025-05-22 16:10:00,122.92,159.34
A1,2025-05-22 16:15:00,121.77,149.79
A1,2025-05-22 16:20:00,219.43,265.51
A1,2025-05-22 16:25:00,117.53,150.68
A1,2025-05-22 16:30:00,117.53,150.68
A1,2025-05-22 16:35:00,118.53,151.86
A1,2025-05-22 16:40:00,120.35,152.9
A1,2025-05-22 16:45:00,118.83,151.37
A1,2025-05-22 16:50:00,118.83,151.37
A1,2025-05-22 16:55:00,118.83,151.37
A1,2025-05-22 17:00:00,267.02,255.72
A1,2025-05-22 17:05:00,118.83,151.37
A1,2025-05-22 17:10:00,117.52,152.06
A1,2025-05-22 17:15:00,115.65,150.55
A2,2025-05-22 09:00:00,210.87,229.3
A2,2025-05-22 09:05:00,195.42,136.8
A2,2025-05-22 09:10:00,195.3,138.34
A2,2025-05-22 09:15:00,192.99,137.51
A2,2025-05-22 09:20:00,193.31,139.32
A2,2025-05-22 09:25:00,193.83,137.34
A2,2025-05-22 09:30:00,193.83,137.34
A2,2025-05-22 09:35:00,192.73,139.34
A2,2025-05-22 09:40:00,191.99,143.03
A2,2025-05-22 09:45:00,190.37,142.42
A2,2025-05-22 09:50:00,187.21,141.57
A2,2025-05-22 09:55:00,187.21,141.57
A2,2025-05-22 10:00:00,231.24,212.0
A2,2025-05-22 10:05:00,187.21,141.57
A2,2025-05-22 10:10:00,187.21,141.57
A2,2025-05-22 10:15:00,185.24,141.09
A2,2025-05-22 10:20:00,184.27,142.33
A2,2025-05-22 10:25:00,185.1,141.6
A2,2025-05-22 10:30:00,185.57,140.56
A2,2025-05-22 10:35:00,179.9,141.42
A2,2025-05-22 10:40:00,179.9,141.42
A2,2025-05-22 10:45:00,292.89,260.79
A2,2025-05-22 10:50:00,180.02,139.81
A2,2025-05-22 10:55:00,180.02,139.81
A2,2025-05-22 11:00:00,178.8,140.16
A2,2025-05-22 11:05:00,178.71,139.07
A2,2025-05-22 11:10:00,175.6,139.99
A2,2025-05-22 11:15:00,273.37,216.75
A2,2025-05-22 11:20:00,210.05,291.03
A2,2025-05-22 11:25:00,172.42,137.83
A2,2025-05-22 11:30:00,184.27,142.33
A2,2025-05-22 11:35:00,187.01,144.13
A2,2025-05-22 11:40:00,219.25,221.05
A2,2025-05-22 11:45:00,187.01,144.13
A2,2025-05-22 11:50:00,189.55,142.31
A2,2025-05-22 11:55:00,189.55,142.31
A2,2025-05-22 12:00:00,189.55,142.31
A2,2025-05-22 12:05:00,190.26,140.39
A2,2025-05-22 12:10:00,190.26,140.39
A2,2025-05-22 12:15:00,193.35,142.55
A2,2025-05-22 12:20:00,192.88,143.74
A2,2025-05-22 12:25:00,192.14,146.49
A2,2025-05-22 12:30:00,189.03,144.77
A2,2025-05-22 12:35:00,189.66,143.52
A2,2025-05-22 12:40:00,191.4,142.04
A2,2025-05-22 12:45:00,192.43,140.39
A2,2025-05-22 12:50:00,193.76,140.53
A2,2025-05-22 12:55:00,278.21,284.95
A2,2025-05-22 13:00:00,193.64,141.84
A2,2025-05-22 13:05:00,194.58,141.32
A2,2025-05-22 13:10:00,192.13,142.67
A2,2025-05-22 13:15:00,192.82,143.59
A2,2025-05-22 13:20:00,191.64,143.76
A2,2025-05-22 13:25:00,190.26,146.27
A2,2025-05-22 13:30:00,189.12,148.19
A2,2025-05-22 13:35:00,187.23,147.24
A2,2025-05-22 13:40:00,192.99,137.51
A2,2025-05-22 13:45:00,192.99,137.51
A2,2025-05-22 13:50:00,193.47,137.75
A2,2025-05-22 13:55:00,192.79,136.44
A2,2025-05-22 14:00:00,191.3,138.25
A2,2025-05-22 14:05:00,191.57,137.99
A2,2025-05-22 14:10:00,190.74,137.7
A2,2025-05-22 14:15:00,191.36,142.19
A2,2025-05-22 14:20:00,192.78,141.59
A2,2025-05-22 14:25:00,194.98,137.72
A2,2025-05-22 14:30:00,194.93,137.88
A2,2025-05-22 14:35:00,194.21,139.57
A2,2025-05-22 14:40:00,196.0,136.17
A2,2025-05-22 14:45:00,196.0,136.17
A2,2025-05-22 14:50:00,179.9,141.42
A2,2025-05-22 14:55:00,192.88,143.74
A2,2025-05-22 15:00:00,193.22,144.67
A2,2025-05-22 15:05:00,189.34,140.84
A2,2025-05-22 15:10:00,193.47,137.75
A2,2025-05-22 15:15:00,193.47,137.75
A2,2025-05-22 15:20:00,192.15,138.51
A2,2025-05-22 15:25:00,190.32,141.26
A2,2025-05-22 15:30:00,192.27,140.49
A2,2025-05-22 15:35:00,192.27,140.49
A2,2025-05-22 15:40:00,193.25,141.54
A2,2025-05-22 15:45:00,192.68,138.39
A2,2025-05-22 15:50:00,192.66,138.38
A2,2025-05-22 15:55:00,191.66,138.99
A2,2025-05-22 16:00:00,189.78,137.86
A2,2025-05-22 16:05:00,194.21,139.57
A2,2025-05-22 16:10:00,193.03,142.25
A2,2025-05-22 16:15:00,193.32,144.27
A2,2025-05-22 16:20:00,189.91,144.47
A2,2025-05-22 16:25:00,191.48,146.57
A2,2025-05-22 16:30:00,192.47,145.76
A2,2025-05-22 16:35:00,192.73,139.34
A2,2025-05-22 16:40:00,192.73,139.34
A2,2025-05-22 16:45:00,192.28,143.72
A2,2025-05-22 16:50:00,204.39,253.31
A2,2025-05-22 16:55:00,190.3,144.57
A2,2025-05-22 17:00:00,189.68,147.45
A2,2025-05-22 17:05:00,192.15,138.51
A2,2025-05-22 17:10:00,192.15,138.51
A2,2025-05-22 17:15:00,192.15,138.51
A3,2025-05-22 09:00:00,81.81,100.41
A3,2025-05-22 09:05:00,79.77,101.27
A3,2025-05-22 09:10:00,81.56,100.28
A3,2025-05-22 09:15:00,81.56,100.28
A3,2025-05-22 09:20:00,81.56,100.28
A3,2025-05-22 09:25:00,81.13,100.54
A3,2025-05-22 09:30:00,256.31,207.96
A3,2025-05-22 09:35:00,82.95,101.85
A3,2025-05-22 09:40:00,79.93,99.5
A3,2025-05-22 09:45:00,82.66,97.42
A3,2025-05-22 09:50:00,82.81,96.29
A3,2025-05-22 09:55:00,79.55,96.03
A3,2025-05-22 10:00:00,80.76,100.0
A3,2025-05-22 10:05:00,81.32,99.02
A3,2025-05-22 10:10:00,82.37,104.17
A3,2025-05-22 10:15:00,82.37,104.17
A3,2025-05-22 10:20:00,81.99,109.35
A3,2025-05-22 10:25:00,81.99,109.35
A3,2025-05-22 10:30:00,81.56,100.28
A3,2025-05-22 10:35:00,81.71,98.48
A3,2025-05-22 10:40:00,85.48,99.96
A3,2025-05-22 10:45:00,85.48,99.96
A3,2025-05-22 10:50:00,84.74,99.05
A3,2025-05-22 10:55:00,86.26,99.68
A3,2025-05-22 11:00:00,88.5,98.24
A3,2025-05-22 11:05:00,88.82,97.7
A3,2025-05-22 11:10:00,88.27,100.08
A3,2025-05-22 11:15:00,82.66,97.42
A3,2025-05-22 11:20:00,81.89,99.93
A3,2025-05-22 11:25:00,80.41,102.47
A3,2025-05-22 11:30:00,81.32,99.02
A3,2025-05-22 11:35:00,259.53,246.93
A3,2025-05-22 11:40:00,81.29,103.28
A3,2025-05-22 11:45:00,81.29,103.28
A3,2025-05-22 11:50:00,80.89,105.01
A3,2025-05-22 11:55:00,81.0,104.55
A3,2025-05-22 12:00:00,81.17,102.82
A3,2025-05-22 12:05:00,81.24,102.21
A3,2025-05-22 12:10:00,80.73,102.49
A3,2025-05-22 12:15:00,79.12,105.5
A3,2025-05-22 12:20:00,76.84,107.43
A3,2025-05-22 12:25:00,88.27,100.08
A3,2025-05-22 12:30:00,86.42,101.33
A3,2025-05-22 12:35:00,81.71,98.48
A3,2025-05-22 12:40:00,81.71,98.48
A3,2025-05-22 12:45:00,80.85,100.34
A3,2025-05-22 12:50:00,80.39,101.32
A3,2025-05-22 12:55:00,80.39,101.32
A3,2025-05-22 13:00:00,76.21,101.03
A3,2025-05-22 13:05:00,79.12,105.5
A3,2025-05-22 13:10:00,79.19,105.64
A3,2025-05-22 13:15:00,82.39,108.2
A3,2025-05-22 13:20:00,82.39,108.2
A3,2025-05-22 13:25:00,209.66,226.51
A3,2025-05-22 13:30:00,83.1,110.25
A3,2025-05-22 13:35:00,85.04,110.75
A3,2025-05-22 13:40:00,83.79,110.04
A3,2025-05-22 13:45:00,82.26,106.88
A3,2025-05-22 13:50:00,84.19,103.71
A3,2025-05-22 13:55:00,84.63,102.56
A3,2025-05-22 14:00:00,82.46,102.29
A3,2025-05-22 14:05:00,80.47,102.11
A3,2025-05-22 14:10:00,79.73,99.49
A3,2025-05-22 14:15:00,78.23,98.7
A3,2025-05-22 14:20:00,74.29,97.49
A3,2025-05-22 14:25:00,74.29,97.49
A3,2025-05-22 14:30:00,73.3,97.09
A3,2025-05-22 14:35:00,73.37,99.03
A3,2025-05-22 14:40:00,73.07,102.03
A3,2025-05-22 14:45:00,73.07,102.03
A3,2025-05-22 14:50:00,71.12,103.88
A3,2025-05-22 14:55:00,69.89,102.81
A3,2025-05-22 15:00:00,71.55,104.61
A3,2025-05-22 15:05:00,75.46,102.71
A3,2025-05-22 15:10:00,79.73,99.49
A3,2025-05-22 15:15:00,79.73,99.49
A3,2025-05-22 15:20:00,80.39,98.89
A3,2025-05-22 15:25:00,271.16,217.75
A3,2025-05-22 15:30:00,80.6,99.85
A3,2025-05-22 15:35:00,81.34,98.38
A3,2025-05-22 15:40:00,79.94,100.69
A3,2025-05-22 15:45:00,79.07,100.63
A3,2025-05-22 15:50:00,79.3,98.15
A3,2025-05-22 15:55:00,77.86,95.07
A3,2025-05-22 16:00:00,78.09,95.66
A3,2025-05-22 16:05:00,79.46,98.03
A3,2025-05-22 16:10:00,77.01,96.69
A3,2025-05-22 16:15:00,78.79,93.71
A3,2025-05-22 16:20:00,74.77,92.58
A3,2025-05-22 16:25:00,75.73,90.12
A3,2025-05-22 16:30:00,75.73,90.12
A3,2025-05-22 16:35:00,276.09,287.68
A3,2025-05-22 16:40:00,75.98,94.61
A3,2025-05-22 16:45:00,83.79,110.04
A3,2025-05-22 16:50:00,83.79,110.04
A3,2025-05-22 16:55:00,83.06,110.17
A3,2025-05-22 17:00:00,83.06,110.17
A3,2025-05-22 17:05:00,83.06,110.17
A3,2025-05-22 17:10:00,82.73,111.23
A3,2025-05-22 17:15:00,84.59,108.96
A4,2025-05-22 09:00:00,176.54,105.69
A4,2025-05-22 09:05:00,178.26,107.73
A4,2025-05-22 09:10:00,178.05,105.27
A4,2025-05-22 09:15:00,178.05,105.27
A4,2025-05-22 09:20:00,174.32,105.05
A4,2025-05-22 09:25:00,177.24,106.33
A4,2025-05-22 09:30:00,179.43,108.24
A4,2025-05-22 09:35:00,181.45,104.88
A4,2025-05-22 09:40:00,238.69,255.86
A4,2025-05-22 09:45:00,181.45,104.88
A4,2025-05-22 09:50:00,183.34,103.86
A4,2025-05-22 09:55:00,181.51,108.28
A4,2025-05-22 10:00:00,181.51,108.28
A4,2025-05-22 10:05:00,180.49,105.58
A4,2025-05-22 10:10:00,177.97,105.78
A4,2025-05-22 10:15:00,245.85,233.54
A4,2025-05-22 10:20:00,177.24,106.33
A4,2025-05-22 10:25:00,175.02,107.35
A4,2025-05-22 10:30:00,173.7,107.48
A4,2025-05-22 10:35:00,171.01,106.99
A4,2025-05-22 10:40:00,172.58,105.3
A4,2025-05-22 10:45:00,169.45,104.09
A4,2025-05-22 10:50:00,166.17,105.1
A4,2025-05-22 10:55:00,162.39,103.64
A4,2025-05-22 11:00:00,161.89,101.22
A4,2025-05-22 11:05:00,159.51,100.57
A4,2025-05-22 11:10:00,156.68,101.25
A4,2025-05-22 11:15:00,177.97,105.78
A4,2025-05-22 11:20:00,177.97,105.78
A4,2025-05-22 11:25:00,178.05,105.27
A4,2025-05-22 11:30:00,180.59,104.73
A4,2025-05-22 11:35:00,181.93,105.63
A4,2025-05-22 11:40:00,184.99,103.82
A4,2025-05-22 11:45:00,184.99,103.82
A4,2025-05-22 11:50:00,183.39,100.1
A4,2025-05-22 11:55:00,186.02,99.07
A4,2025-05-22 12:00:00,188.4,94.79
A4,2025-05-22 12:05:00,177.97,105.78
A4,2025-05-22 12:10:00,166.17,105.1
A4,2025-05-22 12:15:00,165.99,103.71
A4,2025-05-22 12:20:00,230.19,208.39
A4,2025-05-22 12:25:00,232.35,262.39
A4,2025-05-22 12:30:00,167.03,106.87
A4,2025-05-22 12:35:00,167.82,107.61
A4,2025-05-22 12:40:00,165.78,109.74
A4,2025-05-22 12:45:00,162.86,110.13
A4,2025-05-22 12:50:00,165.43,109.0
A4,2025-05-22 12:55:00,164.03,109.77
A4,2025-05-22 13:00:00,177.24,106.33
A4,2025-05-22 13:05:00,167.03,106.87
A4,2025-05-22 13:10:00,167.59,105.8
A4,2025-05-22 13:15:00,165.58,104.02
A4,2025-05-22 13:20:00,168.67,103.83
A4,2025-05-22 13:25:00,168.41,98.29
A4,2025-05-22 13:30:00,169.93,96.57
A4,2025-05-22 13:35:00,167.89,96.02
A4,2025-05-22 13:40:00,167.89,96.02
A4,2025-05-22 13:45:00,167.16,94.83
A4,2025-05-22 13:50:00,177.97,105.78
A4,2025-05-22 13:55:00,180.76,103.94
A4,2025-05-22 14:00:00,183.68,105.73
A4,2025-05-22 14:05:00,269.45,222.26
A4,2025-05-22 14:10:00,182.69,104.1
A4,2025-05-22 14:15:00,184.77,104.07
A4,2025-05-22 14:20:00,292.33,219.9
A4,2025-05-22 14:25:00,186.84,105.1
A4,2025-05-22 14:30:00,185.8,104.7
A4,2025-05-22 14:35:00,182.62,99.17
A4,2025-05-22 14:40:00,183.76,101.15
A4,2025-05-22 14:45:00,184.56,102.39
A4,2025-05-22 14:50:00,177.97,105.78
A4,2025-05-22 14:55:00,176.99,104.08
A4,2025-05-22 15:00:00,175.77,102.47
A4,2025-05-22 15:05:00,176.91,99.82
A4,2025-05-22 15:10:00,179.57,99.11
A4,2025-05-22 15:15:00,179.57,99.11
A4,2025-05-22 15:20:00,179.57,99.11
A4,2025-05-22 15:25:00,179.31,99.4
A4,2025-05-22 15:30:00,184.99,103.82
A4,2025-05-22 15:35:00,184.99,103.82
A4,2025-05-22 15:40:00,182.05,105.84
A4,2025-05-22 15:45:00,182.05,105.84
A4,2025-05-22 15:50:00,182.27,106.48
A4,2025-05-22 15:55:00,181.73,104.71
A4,2025-05-22 16:00:00,180.05,102.63
A4,2025-05-22 16:05:00,180.05,102.63
A4,2025-05-22 16:10:00,180.1,102.59
A4,2025-05-22 16:15:00,177.98,104.86
A4,2025-05-22 16:20:00,177.98,104.86
A4,2025-05-22 16:25:00,178.2,107.04
A4,2025-05-22 16:30:00,177.6,108.8
A4,2025-05-22 16:35:00,181.73,104.71
A4,2025-05-22 16:40:00,179.92,107.19
A4,2025-05-22 16:45:00,179.92,107.19
A4,2025-05-22 16:50:00,179.92,107.19
A4,2025-05-22 16:55:00,177.42,104.64
A4,2025-05-22 17:00:00,177.88,100.7
A4,2025-05-22 17:05:00,177.88,100.7
A4,2025-05-22 17:10:00,178.08,100.52
A4,2025-05-22 17:15:00,175.44,100.43
A5,2025-05-22 09:00:00,67.35,151.73
A5,2025-05-22 09:05:00,65.68,150.66
A5,2025-05-22 09:10:00,257.92,284.04
A5,2025-05-22 09:15:00,67.15,153.5
A5,2025-05-22 09:20:00,67.15,153.5
A5,2025-05-22 09:25:00,65.45,153.8
A5,2025-05-22 09:30:00,65.19,154.01
A5,2025-05-22 09:35:00,65.56,155.86
A5,2025-05-22 09:40:00,64.55,156.09
A5,2025-05-22 09:45:00,64.55,156.09
A5,2025-05-22 09:50:00,64.55,156.09
A5,2025-05-22 09:55:00,62.49,155.59
A5,2025-05-22 10:00:00,63.13,152.96
A5,2025-05-22 10:05:00,67.35,151.73
A5,2025-05-22 10:10:00,67.35,151.73
A5,2025-05-22 10:15:00,66.01,154.45
A5,2025-05-22 10:20:00,67.09,155.43
A5,2025-05-22 10:25:00,63.82,159.08
A5,2025-05-22 10:30:00,282.97,207.22
A5,2025-05-22 10:35:00,61.76,156.8
A5,2025-05-22 10:40:00,59.05,155.97
A5,2025-05-22 10:45:00,204.3,207.08
A5,2025-05-22 10:50:00,55.85,151.09
A5,2025-05-22 10:55:00,240.46,246.69
A5,2025-05-22 11:00:00,63.13,152.96
A5,2025-05-22 11:05:00,63.13,152.96
A5,2025-05-22 11:10:00,58.32,153.26
A5,2025-05-22 11:15:00,56.18,152.84
A5,2025-05-22 11:20:00,57.83,153.44
A5,2025-05-22 11:25:00,54.84,153.49
A5,2025-05-22 11:30:00,53.04,155.57
A5,2025-05-22 11:35:00,54.93,157.23
A5,2025-05-22 11:40:00,57.77,157.02
A5,2025-05-22 11:45:00,54.82,154.91
A5,2025-05-22 11:50:00,60.33,156.9
A5,2025-05-22 11:55:00,58.26,157.97
A5,2025-05-22 12:00:00,58.26,157.97
A5,2025-05-22 12:05:00,57.86,159.05
A5,2025-05-22 12:10:00,59.88,159.16
A5,2025-05-22 12:15:00,59.88,159.16
A5,2025-05-22 12:20:00,54.76,161.5
A5,2025-05-22 12:25:00,56.82,163.55
A5,2025-05-22 12:30:00,55.31,163.08
A5,2025-05-22 12:35:00,55.22,160.67
A5,2025-05-22 12:40:00,55.22,160.67
A5,2025-05-22 12:45:00,52.44,156.92
A5,2025-05-22 12:50:00,52.64,156.02
A5,2025-05-22 12:55:00,53.85,157.22
A5,2025-05-22 13:00:00,57.22,157.3
A5,2025-05-22 13:05:00,56.61,156.78
A5,2025-05-22 13:10:00,56.61,156.78
A5,2025-05-22 13:15:00,53.79,154.15
A5,2025-05-22 13:20:00,57.32,155.33
A5,2025-05-22 13:25:00,59.13,158.05
A5,2025-05-22 13:30:00,56.82,156.76
A5,2025-05-22 13:35:00,56.82,156.76
A5,2025-05-22 13:40:00,54.34,157.58
A5,2025-05-22 13:45:00,55.85,159.61
A5,2025-05-22 13:50:00,58.52,162.42
A5,2025-05-22 13:55:00,61.69,159.63
A5,2025-05-22 14:00:00,61.7,155.59
A5,2025-05-22 14:05:00,63.74,159.17
A5,2025-05-22 14:10:00,63.74,159.17
A5,2025-05-22 14:15:00,247.5,244.23
A5,2025-05-22 14:20:00,63.89,157.3
A5,2025-05-22 14:25:00,54.82,154.91
A5,2025-05-22 14:30:00,56.32,148.6
A5,2025-05-22 14:35:00,55.78,144.87
A5,2025-05-22 14:40:00,55.21,150.85
A5,2025-05-22 14:45:00,59.17,148.38
A5,2025-05-22 14:50:00,58.91,152.57
A5,2025-05-22 14:55:00,56.3,152.72
A5,2025-05-22 15:00:00,56.3,152.72
A5,2025-05-22 15:05:00,57.86,159.05
A5,2025-05-22 15:10:00,60.58,157.68
A5,2025-05-22 15:15:00,60.58,157.68
A5,2025-05-22 15:20:00,62.92,159.83
A5,2025-05-22 15:25:00,52.44,156.92
A5,2025-05-22 15:30:00,52.44,156.92
A5,2025-05-22 15:35:00,52.44,156.92
A5,2025-05-22 15:40:00,54.57,157.34
A5,2025-05-22 15:45:00,55.08,158.97
A5,2025-05-22 15:50:00,54.95,159.61
A5,2025-05-22 15:55:00,214.19,273.55
A5,2025-05-22 16:00:00,56.22,160.81
A5,2025-05-22 16:05:00,56.22,160.81
A5,2025-05-22 16:10:00,56.22,160.81
A5,2025-05-22 16:15:00,58.84,162.59
A5,2025-05-22 16:20:00,59.44,162.23
A5,2025-05-22 16:25:00,57.3,164.96
A5,2025-05-22 16:30:00,57.3,164.96
A5,2025-05-22 16:35:00,284.69,297.52
A5,2025-05-22 16:40:00,53.72,166.15
A5,2025-05-22 16:45:00,53.72,166.15
A5,2025-05-22 16:50:00,53.44,163.44
A5,2025-05-22 16:55:00,54.3,166.04
A5,2025-05-22 17:00:00,53.4,162.93
A5,2025-05-22 17:05:00,54.83,161.94
A5,2025-05-22 17:10:00,59.15,165.45
A5,2025-05-22 17:15:00,56.4,169.05
A6,2025-05-22 09:00:00,122.06,136.2
A6,2025-05-22 09:05:00,121.95,137.02
A6,2025-05-22 09:10:00,120.07,136.9
A6,2025-05-22 09:15:00,120.07,136.9
A6,2025-05-22 09:20:00,118.0,132.05
A6,2025-05-22 09:25:00,117.58,130.01
A6,2025-05-22 09:30:00,120.53,128.93
A6,2025-05-22 09:35:00,122.09,128.34
A6,2025-05-22 09:40:00,119.34,129.14
A6,2025-05-22 09:45:00,297.44,260.1
A6,2025-05-22 09:50:00,123.89,134.44
A6,2025-05-22 09:55:00,123.84,134.84
A6,2025-05-22 10:00:00,284.1,202.18
A6,2025-05-22 10:05:00,121.6,139.39
A6,2025-05-22 10:10:00,121.6,139.39
A6,2025-05-22 10:15:00,122.01,138.54
A6,2025-05-22 10:20:00,125.48,138.98
A6,2025-05-22 10:25:00,125.48,138.98
A6,2025-05-22 10:30:00,126.68,140.78
A6,2025-05-22 10:35:00,129.03,138.55
A6,2025-05-22 10:40:00,130.43,135.72
A6,2025-05-22 10:45:00,132.54,136.98
A6,2025-05-22 10:50:00,132.17,132.59
A6,2025-05-22 10:55:00,130.79,132.2
A6,2025-05-22 11:00:00,132.19,133.95
A6,2025-05-22 11:05:00,130.87,131.53
A6,2025-05-22 11:10:00,129.09,131.57
A6,2025-05-22 11:15:00,129.09,131.57
A6,2025-05-22 11:20:00,128.72,132.3
A6,2025-05-22 11:25:00,126.77,130.66
A6,2025-05-22 11:30:00,125.65,127.91
A6,2025-05-22 11:35:00,125.65,127.91
A6,2025-05-22 11:40:00,129.75,127.67
A6,2025-05-22 11:45:00,129.75,127.67
A6,2025-05-22 11:50:00,127.25,130.14
A6,2025-05-22 11:55:00,127.42,125.79
A6,2025-05-22 12:00:00,125.9,125.53
A6,2025-05-22 12:05:00,127.37,125.53
A6,2025-05-22 12:10:00,124.78,126.86
A6,2025-05-22 12:15:00,127.54,126.75
A6,2025-05-22 12:20:00,129.62,126.89
A6,2025-05-22 12:25:00,127.94,129.03
A6,2025-05-22 12:30:00,128.2,125.28
A6,2025-05-22 12:35:00,130.33,124.7
A6,2025-05-22 12:40:00,132.88,122.68
A6,2025-05-22 12:45:00,127.85,121.59
A6,2025-05-22 12:50:00,127.26,120.32
A6,2025-05-22 12:55:00,128.51,119.91
A6,2025-05-22 13:00:00,124.99,121.09
A6,2025-05-22 13:05:00,120.84,118.66
A6,2025-05-22 13:10:00,120.28,117.47
A6,2025-05-22 13:15:00,119.06,115.08
A6,2025-05-22 13:20:00,117.58,130.01
A6,2025-05-22 13:25:00,116.47,124.15
A6,2025-05-22 13:30:00,115.46,124.91
A6,2025-05-22 13:35:00,272.27,262.55
A6,2025-05-22 13:40:00,116.77,127.35
A6,2025-05-22 13:45:00,118.68,126.99
A6,2025-05-22 13:50:00,117.52,126.47
A6,2025-05-22 13:55:00,117.52,126.47
A6,2025-05-22 14:00:00,117.69,124.92
A6,2025-05-22 14:05:00,127.94,129.03
A6,2025-05-22 14:10:00,129.18,127.21
A6,2025-05-22 14:15:00,127.42,125.79
A6,2025-05-22 14:20:00,127.37,125.53
A6,2025-05-22 14:25:00,128.0,121.67
A6,2025-05-22 14:30:00,126.28,122.57
A6,2025-05-22 14:35:00,118.0,132.05
A6,2025-05-22 14:40:00,234.57,210.03
A6,2025-05-22 14:45:00,118.3,132.83
A6,2025-05-22 14:50:00,128.2,125.28
A6,2025-05-22 14:55:00,126.74,128.75
A6,2025-05-22 15:00:00,126.69,131.66
A6,2025-05-22 15:05:00,290.7,208.98
A6,2025-05-22 15:10:00,127.7,132.4
A6,2025-05-22 15:15:00,127.3,131.77
A6,2025-05-22 15:20:00,127.46,133.66
A6,2025-05-22 15:25:00,129.04,134.08
A6,2025-05-22 15:30:00,131.63,133.27
A6,2025-05-22 15:35:00,130.15,130.43
A6,2025-05-22 15:40:00,134.91,130.91
A6,2025-05-22 15:45:00,136.37,127.88
A6,2025-05-22 15:50:00,115.46,124.91
A6,2025-05-22 15:55:00,114.93,120.43
A6,2025-05-22 16:00:00,132.19,133.95
A6,2025-05-22 16:05:00,134.63,135.24
A6,2025-05-22 16:10:00,135.71,137.48
A6,2025-05-22 16:15:00,139.23,136.6
A6,2025-05-22 16:20:00,141.97,134.9
A6,2025-05-22 16:25:00,140.49,133.48
A6,2025-05-22 16:30:00,140.49,133.48
A6,2025-05-22 16:35:00,137.79,131.36
A6,2025-05-22 16:40:00,138.46,131.58
A6,2025-05-22 16:45:00,141.18,132.82
A6,2025-05-22 16:50:00,139.64,133.83
A6,2025-05-22 16:55:00,139.64,133.83
A6,2025-05-22 17:00:00,118.3,132.83
A6,2025-05-22 17:05:00,118.3,132.83
A6,2025-05-22 17:10:00,116.85,135.49
A6,2025-05-22 17:15:00,129.09,131.57
